{"cameraMode":{"drawMode":0,"name":"Shaded","section":"Shading Mode"},"sceneLighting":false,"audioPlay":false,"sceneViewState":{"m_AlwaysRefresh":true,"showFog":true,"showSkybox":false,"showFlares":false,"showImageEffects":true,"showParticleSystems":true,"showVisualEffectGraphs":true,"m_FxEnabled":true},"in2DMode":false,"pivot":{"x":1.1002901792526246,"y":1.5919125080108643,"z":-11.926289558410645},"rotation":{"x":0.36690106987953188,"y":-0.0628376305103302,"z":0.024482643231749536,"w":0.9279596209526062},"size":1.581917405128479,"orthographic":false}