{"cameraMode":{"drawMode":0,"name":"Shaded","section":"Shading Mode"},"sceneLighting":false,"audioPlay":false,"sceneViewState":{"m_AlwaysRefresh":true,"showFog":true,"showSkybox":false,"showFlares":false,"showImageEffects":true,"showParticleSystems":true,"showVisualEffectGraphs":true,"m_FxEnabled":true},"in2DMode":false,"pivot":{"x":-0.5489599704742432,"y":1.410600185394287,"z":-2.887256145477295},"rotation":{"x":0.07465661317110062,"y":0.21370725333690644,"z":-0.016352973878383638,"w":0.9739328026771545},"size":0.3339744210243225,"orthographic":false}