{"cameraMode":{"drawMode":0,"name":"Shaded","section":"Shading Mode"},"sceneLighting":false,"audioPlay":false,"sceneViewState":{"m_AlwaysRefresh":true,"showFog":true,"showSkybox":false,"showFlares":false,"showImageEffects":true,"showParticleSystems":true,"showVisualEffectGraphs":true,"m_FxEnabled":true},"in2DMode":false,"pivot":{"x":-1.7932195663452149,"y":0.8804402351379395,"z":30.599830627441408},"rotation":{"x":0.24958312511444093,"y":-0.09564461559057236,"z":0.024901293218135835,"w":0.9634203314781189},"size":1.8339743614196778,"orthographic":false}