{"cameraMode":{"drawMode":0,"name":"Shaded","section":"Shading Mode"},"sceneLighting":false,"audioPlay":false,"sceneViewState":{"m_AlwaysRefresh":true,"showFog":true,"showSkybox":false,"showFlares":false,"showImageEffects":true,"showParticleSystems":true,"showVisualEffectGraphs":true,"m_FxEnabled":true},"in2DMode":false,"pivot":{"x":-0.5334315299987793,"y":0.8159847855567932,"z":-0.7559018135070801},"rotation":{"x":0.039144109934568408,"y":-0.9342378377914429,"z":0.10839848965406418,"w":0.33766770362854006},"size":1.1221890449523926,"orthographic":false}