{"cameraMode":{"drawMode":0,"name":"Shaded","section":"Shading Mode"},"sceneLighting":false,"audioPlay":false,"sceneViewState":{"m_AlwaysRefresh":true,"showFog":true,"showSkybox":false,"showFlares":false,"showImageEffects":true,"showParticleSystems":true,"showVisualEffectGraphs":true,"m_FxEnabled":true},"in2DMode":false,"pivot":{"x":-0.20997118949890138,"y":1.8294121026992798,"z":-3.5361883640289308},"rotation":{"x":-0.024293111637234689,"y":-0.8412585258483887,"z":0.03786435350775719,"w":-0.538834810256958},"size":0.8660253882408142,"orthographic":false}