{"cameraMode":{"drawMode":0,"name":"Shaded","section":"Shading Mode"},"sceneLighting":false,"audioPlay":false,"sceneViewState":{"m_AlwaysRefresh":true,"showFog":true,"showSkybox":false,"showFlares":false,"showImageEffects":true,"showParticleSystems":true,"showVisualEffectGraphs":true,"m_FxEnabled":true},"in2DMode":false,"pivot":{"x":-3.0008463859558107,"y":1.3699930906295777,"z":-20.990480422973634},"rotation":{"x":0.04807506129145622,"y":-0.8654085397720337,"z":0.08464960008859635,"w":0.4916139245033264},"size":1.4660255908966065,"orthographic":false}