{"cameraMode":{"drawMode":0,"name":"Shaded","section":"Shading Mode"},"sceneLighting":false,"audioPlay":false,"sceneViewState":{"m_AlwaysRefresh":true,"showFog":true,"showSkybox":false,"showFlares":false,"showImageEffects":true,"showParticleSystems":true,"showVisualEffectGraphs":true,"m_FxEnabled":true},"in2DMode":false,"pivot":{"x":-0.1418290138244629,"y":0.01403510570526123,"z":-14.251933097839356},"rotation":{"x":0.13344314694404603,"y":0.6255890130996704,"z":-0.11033262312412262,"w":0.7608933448791504},"size":2.133974313735962,"orthographic":false}