{"cameraMode":{"drawMode":0,"name":"Shaded","section":"Shading Mode"},"sceneLighting":false,"audioPlay":false,"sceneViewState":{"m_AlwaysRefresh":true,"showFog":true,"showSkybox":false,"showFlares":false,"showImageEffects":true,"showParticleSystems":true,"showVisualEffectGraphs":true,"m_FxEnabled":true},"in2DMode":false,"pivot":{"x":0.5730931758880615,"y":1.0872553586959839,"z":3.033053159713745},"rotation":{"x":0.03605857118964195,"y":-0.7255550026893616,"z":0.038125500082969668,"w":0.6861733794212341},"size":3.6823525428771974,"orthographic":false}