{"cameraMode":{"drawMode":0,"name":"Shaded","section":"Shading Mode"},"sceneLighting":false,"audioPlay":false,"sceneViewState":{"m_AlwaysRefresh":true,"showFog":true,"showSkybox":false,"showFlares":false,"showImageEffects":true,"showParticleSystems":true,"showVisualEffectGraphs":true,"m_FxEnabled":true},"in2DMode":false,"pivot":{"x":-0.19650819897651673,"y":-1.6279339790344239,"z":-15.912443161010743},"rotation":{"x":-0.1647070050239563,"y":-0.11197900027036667,"z":0.01854993775486946,"w":-0.9798952341079712},"size":3.1704893112182619,"orthographic":false}