{"cameraMode":{"drawMode":0,"name":"Shaded","section":"Shading Mode"},"sceneLighting":false,"audioPlay":false,"sceneViewState":{"m_AlwaysRefresh":true,"showFog":true,"showSkybox":false,"showFlares":false,"showImageEffects":true,"showParticleSystems":true,"showVisualEffectGraphs":true,"m_FxEnabled":true},"in2DMode":false,"pivot":{"x":-0.9624457359313965,"y":-0.11165595054626465,"z":4.514615058898926},"rotation":{"x":-0.15065008401870728,"y":0.30365437269210818,"z":-0.04873395338654518,"w":-0.9395813345909119},"size":4.166025638580322,"orthographic":false}