{"cameraMode":{"drawMode":0,"name":"Shaded","section":"Shading Mode"},"sceneLighting":false,"audioPlay":false,"sceneViewState":{"m_AlwaysRefresh":true,"showFog":true,"showSkybox":false,"showFlares":false,"showImageEffects":true,"showParticleSystems":true,"showVisualEffectGraphs":true,"m_FxEnabled":true},"in2DMode":false,"pivot":{"x":0.013757705688476563,"y":2.313944101333618,"z":1.152646541595459},"rotation":{"x":-0.02476942166686058,"y":-0.6645100116729736,"z":0.021799955517053605,"w":-0.7466738224029541},"size":1.879018783569336,"orthographic":false}