{"cameraMode":{"drawMode":0,"name":"Shaded","section":"Shading Mode"},"sceneLighting":false,"audioPlay":false,"sceneViewState":{"m_AlwaysRefresh":true,"showFog":true,"showSkybox":false,"showFlares":false,"showImageEffects":true,"showParticleSystems":true,"showVisualEffectGraphs":true,"m_FxEnabled":true},"in2DMode":false,"pivot":{"x":0.6980000138282776,"y":0.7519999742507935,"z":-26.15999984741211},"rotation":{"x":-0.19148650765419007,"y":-0.40114954113960268,"z":0.08607164025306702,"w":-0.8917136192321777},"size":0.8079161643981934,"orthographic":false}