{"cameraMode":{"drawMode":0,"name":"Shaded","section":"Shading Mode"},"sceneLighting":false,"audioPlay":false,"sceneViewState":{"m_AlwaysRefresh":true,"showFog":true,"showSkybox":false,"showFlares":false,"showImageEffects":true,"showParticleSystems":true,"showVisualEffectGraphs":true,"m_FxEnabled":true},"in2DMode":false,"pivot":{"x":-0.025417566299438478,"y":0.008171439170837403,"z":-0.3027249276638031},"rotation":{"x":0.15341895818710328,"y":0.6955735683441162,"z":-0.15589022636413575,"w":0.684384286403656},"size":1.5768280029296876,"orthographic":false}