{"cameraMode":{"drawMode":0,"name":"Shaded","section":"Shading Mode"},"sceneLighting":false,"audioPlay":false,"sceneViewState":{"m_AlwaysRefresh":true,"showFog":true,"showSkybox":false,"showFlares":false,"showImageEffects":true,"showParticleSystems":true,"showVisualEffectGraphs":true,"m_FxEnabled":true},"in2DMode":false,"pivot":{"x":1.1920928955078126e-7,"y":1.149999976158142,"z":1.0000001192092896},"rotation":{"x":-0.12038642168045044,"y":0.6840846538543701,"z":-0.11605922877788544,"w":-0.7100626230239868},"size":0.8660257458686829,"orthographic":false}