{"cameraMode":{"drawMode":0,"name":"Shaded","section":"Shading Mode"},"sceneLighting":false,"audioPlay":false,"sceneViewState":{"m_AlwaysRefresh":true,"showFog":true,"showSkybox":false,"showFlares":false,"showImageEffects":true,"showParticleSystems":true,"showVisualEffectGraphs":true,"m_FxEnabled":true},"in2DMode":false,"pivot":{"x":2.5580062866210939,"y":0.8636091351509094,"z":-11.564268112182618},"rotation":{"x":0.17606307566165925,"y":-0.022507747635245324,"z":0.003654150990769267,"w":0.9842588305473328},"size":1.1660265922546387,"orthographic":false}