{"cameraMode":{"drawMode":0,"name":"Shaded","section":"Shading Mode"},"sceneLighting":false,"audioPlay":false,"sceneViewState":{"m_AlwaysRefresh":true,"showFog":true,"showSkybox":false,"showFlares":false,"showImageEffects":true,"showParticleSystems":true,"showVisualEffectGraphs":true,"m_FxEnabled":true},"in2DMode":false,"pivot":{"x":1.8122522830963135,"y":-0.6150960922241211,"z":35.12001419067383},"rotation":{"x":-0.3026445209980011,"y":0.022718297317624093,"z":-0.0067699686624109749,"w":-0.9529634118080139},"size":4.466025352478027,"orthographic":false}