{"cameraMode":{"drawMode":0,"name":"Shaded","section":"Shading Mode"},"sceneLighting":false,"audioPlay":false,"sceneViewState":{"m_AlwaysRefresh":true,"showFog":true,"showSkybox":false,"showFlares":false,"showImageEffects":true,"showParticleSystems":true,"showVisualEffectGraphs":true,"m_FxEnabled":true},"in2DMode":false,"pivot":{"x":0.7700483798980713,"y":1.268346905708313,"z":1.5534858703613282},"rotation":{"x":0.058288753032684329,"y":0.23763443529605866,"z":-0.014101922512054444,"w":0.9696203470230103},"size":2.066025972366333,"orthographic":false}