{"cameraMode":{"drawMode":0,"name":"Shaded","section":"Shading Mode"},"sceneLighting":false,"audioPlay":false,"sceneViewState":{"m_AlwaysRefresh":true,"showFog":true,"showSkybox":false,"showFlares":false,"showImageEffects":true,"showParticleSystems":true,"showVisualEffectGraphs":true,"m_FxEnabled":true},"in2DMode":false,"pivot":{"x":0.21240615844726563,"y":1.4130914211273194,"z":0.31646686792373659},"rotation":{"x":-0.005713258869946003,"y":0.7691622376441956,"z":0.0069536748342216019,"w":0.6390568017959595},"size":0.8660257458686829,"orthographic":false}