{"cameraMode":{"drawMode":0,"name":"Shaded","section":"Shading Mode"},"sceneLighting":false,"audioPlay":false,"sceneViewState":{"m_AlwaysRefresh":true,"showFog":true,"showSkybox":false,"showFlares":false,"showImageEffects":true,"showParticleSystems":true,"showVisualEffectGraphs":true,"m_FxEnabled":true},"in2DMode":false,"pivot":{"x":1.9443538188934327,"y":1.2987736463546754,"z":-46.62503433227539},"rotation":{"x":0.03649071604013443,"y":0.9270880818367004,"z":-0.09346616268157959,"w":0.36135274171829226},"size":2.303694009780884,"orthographic":false}