{"cameraMode":{"drawMode":0,"name":"Shaded","section":"Shading Mode"},"sceneLighting":false,"audioPlay":false,"sceneViewState":{"m_AlwaysRefresh":true,"showFog":true,"showSkybox":false,"showFlares":false,"showImageEffects":true,"showParticleSystems":true,"showVisualEffectGraphs":true,"m_FxEnabled":true},"in2DMode":false,"pivot":{"x":0.17680424451828004,"y":1.3782010078430176,"z":-33.59400177001953},"rotation":{"x":-0.009204195812344551,"y":-0.9750387668609619,"z":0.040968894958496097,"w":-0.21821708977222444},"size":0.8124040365219116,"orthographic":false}