{"cameraMode":{"drawMode":0,"name":"Shaded","section":"Shading Mode"},"sceneLighting":false,"audioPlay":false,"sceneViewState":{"m_AlwaysRefresh":true,"showFog":true,"showSkybox":false,"showFlares":false,"showImageEffects":true,"showParticleSystems":true,"showVisualEffectGraphs":true,"m_FxEnabled":true},"in2DMode":false,"pivot":{"x":0.9780310392379761,"y":-0.28618359565734866,"z":-40.2317008972168},"rotation":{"x":-0.1403403878211975,"y":-0.053174637258052829,"z":0.007505586836487055,"w":-0.9887073040008545},"size":4.390432834625244,"orthographic":false}