{"cameraMode":{"drawMode":0,"name":"Shaded","section":"Shading Mode"},"sceneLighting":false,"audioPlay":false,"sceneViewState":{"m_AlwaysRefresh":true,"showFog":true,"showSkybox":false,"showFlares":false,"showImageEffects":true,"showParticleSystems":true,"showVisualEffectGraphs":true,"m_FxEnabled":true},"in2DMode":false,"pivot":{"x":0.5317707061767578,"y":2.1162266731262209,"z":-3.1007437705993654},"rotation":{"x":-0.03617824614048004,"y":-0.6392932534217835,"z":-0.03013414703309536,"w":0.7675235867500305},"size":1.4660258293151856,"orthographic":false}