{"cameraMode":{"drawMode":0,"name":"Shaded","section":"Shading Mode"},"sceneLighting":false,"audioPlay":false,"sceneViewState":{"m_AlwaysRefresh":true,"showFog":true,"showSkybox":false,"showFlares":false,"showImageEffects":true,"showParticleSystems":true,"showVisualEffectGraphs":true,"m_FxEnabled":true},"in2DMode":false,"pivot":{"x":1.240541934967041,"y":0.23585331439971925,"z":-0.3311733603477478},"rotation":{"x":-0.21927623450756074,"y":-0.5430592894554138,"z":0.14934629201889039,"w":-0.7967748045921326},"size":1.4936401844024659,"orthographic":false}