{"cameraMode":{"drawMode":0,"name":"Shaded","section":"Shading Mode"},"sceneLighting":false,"audioPlay":false,"sceneViewState":{"m_AlwaysRefresh":true,"showFog":true,"showSkybox":false,"showFlares":false,"showImageEffects":true,"showParticleSystems":true,"showVisualEffectGraphs":true,"m_FxEnabled":true},"in2DMode":false,"pivot":{"x":0.36866313219070437,"y":7.476045608520508,"z":-23.33866310119629},"rotation":{"x":-0.10659202188253403,"y":0.7057620882987976,"z":-0.10894764214754105,"w":-0.6920116543769836},"size":0.42247411608695986,"orthographic":false}