{"cameraMode":{"drawMode":0,"name":"Shaded","section":"Shading Mode"},"sceneLighting":false,"audioPlay":false,"sceneViewState":{"m_AlwaysRefresh":true,"showFog":true,"showSkybox":false,"showFlares":false,"showImageEffects":true,"showParticleSystems":true,"showVisualEffectGraphs":true,"m_FxEnabled":true},"in2DMode":false,"pivot":{"x":-2.297473669052124,"y":1.2344355583190919,"z":-10.080260276794434},"rotation":{"x":0.32155293226242068,"y":-0.6779930591583252,"z":0.4474636912345886,"w":0.4867832660675049},"size":0.23209506273269654,"orthographic":false}