{"cameraMode":{"drawMode":0,"name":"Shaded","section":"Shading Mode"},"sceneLighting":false,"audioPlay":false,"sceneViewState":{"m_AlwaysRefresh":true,"showFog":true,"showSkybox":false,"showFlares":false,"showImageEffects":true,"showParticleSystems":true,"showVisualEffectGraphs":true,"m_FxEnabled":true},"in2DMode":false,"pivot":{"x":2.5490400791168215,"y":3.5408928394317629,"z":-13.735715866088868},"rotation":{"x":-0.03899133950471878,"y":-0.014418568462133408,"z":0.00043671848834492266,"w":-0.9992551207542419},"size":0.2660254240036011,"orthographic":false}