{"cameraMode":{"drawMode":0,"name":"Shaded","section":"Shading Mode"},"sceneLighting":false,"audioPlay":false,"sceneViewState":{"m_AlwaysRefresh":true,"showFog":true,"showSkybox":false,"showFlares":false,"showImageEffects":true,"showParticleSystems":true,"showVisualEffectGraphs":true,"m_FxEnabled":true},"in2DMode":false,"pivot":{"x":-1.4130197763442994,"y":7.419875144958496,"z":-19.04282569885254},"rotation":{"x":0.023980604484677316,"y":0.04681115970015526,"z":-0.0009549215319566429,"w":0.9987267851829529},"size":0.7348468899726868,"orthographic":false}