{"cameraMode":{"drawMode":0,"name":"Shaded","section":"Shading Mode"},"sceneLighting":false,"audioPlay":false,"sceneViewState":{"m_AlwaysRefresh":true,"showFog":true,"showSkybox":false,"showFlares":false,"showImageEffects":true,"showParticleSystems":true,"showVisualEffectGraphs":true,"m_FxEnabled":true},"in2DMode":false,"pivot":{"x":1.1435019969940186,"y":1.349069356918335,"z":-14.828012466430664},"rotation":{"x":-0.18693852424621583,"y":0.40598052740097048,"z":-0.08545377105474472,"w":-0.8905783891677856},"size":0.8385258913040161,"orthographic":false}