{"cameraMode":{"drawMode":0,"name":"Shaded","section":"Shading Mode"},"sceneLighting":false,"audioPlay":false,"sceneViewState":{"m_AlwaysRefresh":true,"showFog":true,"showSkybox":false,"showFlares":false,"showImageEffects":true,"showParticleSystems":true,"showVisualEffectGraphs":true,"m_FxEnabled":true},"in2DMode":false,"pivot":{"x":1.4220974445343018,"y":0.9409457445144653,"z":-44.73418426513672},"rotation":{"x":0.037577271461486819,"y":0.7503901124000549,"z":-0.042818546295166019,"w":0.6585364937782288},"size":1.0224733352661133,"orthographic":false}