{"cameraMode":{"drawMode":0,"name":"Shaded","section":"Shading Mode"},"sceneLighting":false,"audioPlay":false,"sceneViewState":{"m_AlwaysRefresh":true,"showFog":true,"showSkybox":false,"showFlares":false,"showImageEffects":true,"showParticleSystems":true,"showVisualEffectGraphs":true,"m_FxEnabled":true},"in2DMode":false,"pivot":{"x":2.0289053916931154,"y":3.338395118713379,"z":31.306880950927736},"rotation":{"x":0.05245682969689369,"y":-0.026959598064422609,"z":0.001416715793311596,"w":0.998258113861084},"size":1.4660255908966065,"orthographic":false}