{"cameraMode":{"drawMode":0,"name":"Shaded","section":"Shading Mode"},"sceneLighting":false,"audioPlay":false,"sceneViewState":{"m_AlwaysRefresh":true,"showFog":true,"showSkybox":false,"showFlares":false,"showImageEffects":true,"showParticleSystems":true,"showVisualEffectGraphs":true,"m_FxEnabled":true},"in2DMode":false,"pivot":{"x":-0.42317283153533938,"y":0.6881170272827148,"z":0.7486628293991089},"rotation":{"x":0.0038127279840409757,"y":-0.5305165648460388,"z":0.0023880936205387117,"w":0.8477210402488709},"size":1.1598079204559327,"orthographic":false}