{"cameraMode":{"drawMode":0,"name":"Shaded","section":"Shading Mode"},"sceneLighting":false,"audioPlay":false,"sceneViewState":{"m_AlwaysRefresh":true,"showFog":true,"showSkybox":false,"showFlares":false,"showImageEffects":true,"showParticleSystems":true,"showVisualEffectGraphs":true,"m_FxEnabled":true},"in2DMode":false,"pivot":{"x":1.0312002897262574,"y":1.7440372705459595,"z":-14.152789115905762},"rotation":{"x":-0.06459002941846848,"y":-0.8130619525909424,"z":0.09182911366224289,"w":-0.5713732838630676},"size":0.9124149084091187,"orthographic":false}