{"cameraMode":{"drawMode":0,"name":"Shaded","section":"Shading Mode"},"sceneLighting":false,"audioPlay":false,"sceneViewState":{"m_AlwaysRefresh":true,"showFog":true,"showSkybox":false,"showFlares":false,"showImageEffects":true,"showParticleSystems":true,"showVisualEffectGraphs":true,"m_FxEnabled":true},"in2DMode":false,"pivot":{"x":-0.1612110137939453,"y":0.9196678400039673,"z":-43.400978088378909},"rotation":{"x":0.07324162870645523,"y":0.6910878419876099,"z":-0.07073646038770676,"w":0.7155634760856628},"size":0.9011743664741516,"orthographic":false}