{"cameraMode":{"drawMode":0,"name":"Shaded","section":"Shading Mode"},"sceneLighting":false,"audioPlay":false,"sceneViewState":{"m_AlwaysRefresh":true,"showFog":true,"showSkybox":false,"showFlares":false,"showImageEffects":true,"showParticleSystems":true,"showVisualEffectGraphs":true,"m_FxEnabled":true},"in2DMode":false,"pivot":{"x":-1.9828424453735352,"y":1.4910145998001099,"z":29.802101135253908},"rotation":{"x":0.20353592932224275,"y":0.4809502363204956,"z":-0.11586231738328934,"w":0.8448886275291443},"size":1.217836856842041,"orthographic":false}