{"cameraMode":{"drawMode":0,"name":"Shaded","section":"Shading Mode"},"sceneLighting":false,"audioPlay":false,"sceneViewState":{"m_AlwaysRefresh":true,"showFog":true,"showSkybox":true,"showFlares":false,"showImageEffects":true,"showParticleSystems":true,"showVisualEffectGraphs":true,"m_FxEnabled":true},"in2DMode":false,"pivot":{"x":-4.0690741539001469,"y":-2.53867244720459,"z":246.38442993164063},"rotation":{"x":0.10697029531002045,"y":-0.12676960229873658,"z":0.01340360939502716,"w":0.9862173199653626},"size":14.650216102600098,"orthographic":false}