{"cameraMode":{"drawMode":0,"name":"Shaded","section":"Shading Mode"},"sceneLighting":false,"audioPlay":false,"sceneViewState":{"m_AlwaysRefresh":true,"showFog":true,"showSkybox":false,"showFlares":false,"showImageEffects":true,"showParticleSystems":true,"showVisualEffectGraphs":true,"m_FxEnabled":true},"in2DMode":false,"pivot":{"x":0.8768457770347595,"y":2.540511131286621,"z":0.9552885293960571},"rotation":{"x":0.03546588122844696,"y":-0.7236718535423279,"z":0.036629337817430499,"w":0.6884664297103882},"size":1.2373391389846802,"orthographic":false}