{"cameraMode":{"drawMode":0,"name":"Shaded","section":"Shading Mode"},"sceneLighting":false,"audioPlay":false,"sceneViewState":{"m_AlwaysRefresh":true,"showFog":true,"showSkybox":false,"showFlares":false,"showImageEffects":true,"showParticleSystems":true,"showVisualEffectGraphs":true,"m_FxEnabled":true},"in2DMode":false,"pivot":{"x":0.5234354734420776,"y":1.174635887145996,"z":0.8537517786026001},"rotation":{"x":0.07779204100370407,"y":-0.7073945999145508,"z":0.07886841893196106,"w":0.6981576681137085},"size":0.8660257458686829,"orthographic":false}