{"cameraMode":{"drawMode":0,"name":"Shaded","section":"Shading Mode"},"sceneLighting":false,"audioPlay":false,"sceneViewState":{"m_AlwaysRefresh":true,"showFog":true,"showSkybox":false,"showFlares":false,"showImageEffects":true,"showParticleSystems":true,"showVisualEffectGraphs":true,"m_FxEnabled":true},"in2DMode":false,"pivot":{"x":0.7427480220794678,"y":0.22222352027893067,"z":0.004302263259887695},"rotation":{"x":-0.12909376621246339,"y":-0.8158113360404968,"z":0.19961826503276826,"w":-0.5273568034172058},"size":1.7660257816314698,"orthographic":false}