{"cameraMode":{"drawMode":0,"name":"Shaded","section":"Shading Mode"},"sceneLighting":false,"audioPlay":false,"sceneViewState":{"m_AlwaysRefresh":true,"showFog":true,"showSkybox":false,"showFlares":false,"showImageEffects":true,"showParticleSystems":true,"showVisualEffectGraphs":true,"m_FxEnabled":true},"in2DMode":false,"pivot":{"x":-0.9145755767822266,"y":0.4539477825164795,"z":-3.0685765743255617},"rotation":{"x":0.15258871018886567,"y":-0.6117365956306458,"z":0.12180602550506592,"w":0.7666332721710205},"size":1.7228305339813233,"orthographic":false}