{"cameraMode":{"drawMode":0,"name":"Shaded","section":"Shading Mode"},"sceneLighting":false,"audioPlay":false,"sceneViewState":{"m_AlwaysRefresh":true,"showFog":true,"showSkybox":false,"showFlares":false,"showImageEffects":true,"showParticleSystems":true,"showVisualEffectGraphs":true,"m_FxEnabled":true},"in2DMode":false,"pivot":{"x":-0.1657557487487793,"y":-0.3742067813873291,"z":1.5445691347122193},"rotation":{"x":-0.17446622252464295,"y":0.5075971484184265,"z":-0.10584506392478943,"w":-0.8371235132217407},"size":3.4387481212615969,"orthographic":false}