{"cameraMode":{"drawMode":0,"name":"Shaded","section":"Shading Mode"},"sceneLighting":false,"audioPlay":false,"sceneViewState":{"m_AlwaysRefresh":true,"showFog":true,"showSkybox":false,"showFlares":false,"showImageEffects":true,"showParticleSystems":true,"showVisualEffectGraphs":true,"m_FxEnabled":true},"in2DMode":false,"pivot":{"x":-0.8289718627929688,"y":0.4205247759819031,"z":1.355219841003418},"rotation":{"x":0.04975868761539459,"y":-0.6338369846343994,"z":0.04097200185060501,"w":0.7708250880241394},"size":1.6387481689453126,"orthographic":false}