{"cameraMode":{"drawMode":0,"name":"Shaded","section":"Shading Mode"},"sceneLighting":false,"audioPlay":false,"sceneViewState":{"m_AlwaysRefresh":true,"showFog":true,"showSkybox":false,"showFlares":false,"showImageEffects":true,"showParticleSystems":true,"showVisualEffectGraphs":true,"m_FxEnabled":true},"in2DMode":false,"pivot":{"x":0.3387455940246582,"y":0.24700188636779786,"z":-17.072643280029298},"rotation":{"x":-0.24278570711612702,"y":-0.26352202892303469,"z":0.06851789355278015,"w":-0.9311886429786682},"size":0.7630780339241028,"orthographic":false}