{"cameraMode":{"drawMode":0,"name":"Shaded","section":"Shading Mode"},"sceneLighting":false,"audioPlay":false,"sceneViewState":{"m_AlwaysRefresh":true,"showFog":true,"showSkybox":false,"showFlares":false,"showImageEffects":true,"showParticleSystems":true,"showVisualEffectGraphs":true,"m_FxEnabled":true},"in2DMode":false,"pivot":{"x":-0.33897864818573,"y":0.40212905406951907,"z":3.237764835357666},"rotation":{"x":0.10599233210086823,"y":-0.08079741895198822,"z":0.008249607868492604,"w":0.9911869168281555},"size":3.007394790649414,"orthographic":false}