{"cameraMode":{"drawMode":0,"name":"Shaded","section":"Shading Mode"},"sceneLighting":false,"audioPlay":false,"sceneViewState":{"m_AlwaysRefresh":true,"showFog":true,"showSkybox":false,"showFlares":false,"showImageEffects":true,"showParticleSystems":true,"showVisualEffectGraphs":true,"m_FxEnabled":true},"in2DMode":false,"pivot":{"x":2.4453678131103517,"y":1.070174217224121,"z":-13.689438819885254},"rotation":{"x":-0.022874068468809129,"y":-0.9516729712486267,"z":0.2975493371486664,"w":-0.07450944185256958},"size":0.6697500944137573,"orthographic":false}