{"cameraMode":{"drawMode":0,"name":"Shaded","section":"Shading Mode"},"sceneLighting":false,"audioPlay":false,"sceneViewState":{"m_AlwaysRefresh":true,"showFog":true,"showSkybox":false,"showFlares":false,"showImageEffects":true,"showParticleSystems":true,"showVisualEffectGraphs":true,"m_FxEnabled":true},"in2DMode":false,"pivot":{"x":0.25473833084106448,"y":1.9171867370605469,"z":-43.707881927490237},"rotation":{"x":0.09398239850997925,"y":0.736284613609314,"z":-0.10448745638132096,"w":0.6619569659233093},"size":1.4660255908966065,"orthographic":false}