{"cameraMode":{"drawMode":0,"name":"Shaded","section":"Shading Mode"},"sceneLighting":false,"audioPlay":false,"sceneViewState":{"m_AlwaysRefresh":true,"showFog":true,"showSkybox":false,"showFlares":false,"showImageEffects":true,"showParticleSystems":true,"showVisualEffectGraphs":true,"m_FxEnabled":true},"in2DMode":false,"pivot":{"x":-0.14000004529953004,"y":1.100000023841858,"z":-14.90000057220459},"rotation":{"x":-0.23334896564483643,"y":0.003123721107840538,"z":-0.0009635243914090097,"w":-0.9724892973899841},"size":5.531459808349609,"orthographic":false}