{"cameraMode":{"drawMode":0,"name":"Shaded","section":"Shading Mode"},"sceneLighting":false,"audioPlay":false,"sceneViewState":{"m_AlwaysRefresh":true,"showFog":true,"showSkybox":false,"showFlares":false,"showImageEffects":true,"showParticleSystems":true,"showVisualEffectGraphs":true,"m_FxEnabled":true},"in2DMode":false,"pivot":{"x":-0.09258663654327393,"y":1.5804667472839356,"z":-11.722577095031739},"rotation":{"x":0.04279585927724838,"y":0.695469856262207,"z":-0.04201333224773407,"w":0.7162467837333679},"size":0.8019508719444275,"orthographic":false}