{"cameraMode":{"drawMode":0,"name":"Shaded","section":"Shading Mode"},"sceneLighting":false,"audioPlay":false,"sceneViewState":{"m_AlwaysRefresh":true,"showFog":true,"showSkybox":false,"showFlares":false,"showImageEffects":true,"showParticleSystems":true,"showVisualEffectGraphs":true,"m_FxEnabled":true},"in2DMode":false,"pivot":{"x":-2.6469204425811769,"y":1.5888769626617432,"z":-17.649606704711915},"rotation":{"x":-0.10704129934310913,"y":-0.3371875286102295,"z":0.038520339876413348,"w":-0.9346264004707336},"size":0.5660253763198853,"orthographic":false}