{"cameraMode":{"drawMode":0,"name":"Shaded","section":"Shading Mode"},"sceneLighting":false,"audioPlay":false,"sceneViewState":{"m_AlwaysRefresh":true,"showFog":true,"showSkybox":false,"showFlares":false,"showImageEffects":true,"showParticleSystems":true,"showVisualEffectGraphs":true,"m_FxEnabled":true},"in2DMode":false,"pivot":{"x":-0.0588526725769043,"y":0.8995710611343384,"z":1.0379207134246827},"rotation":{"x":0.032506536692380908,"y":0.9096474051475525,"z":-0.07246163487434387,"w":0.4078388810157776},"size":0.9351266622543335,"orthographic":false}